order_id,customer_id,product_id,order_date,quantity,revenue,acquisition_channel
O9000,C5043,P1033,2026-07-22,1,198.15,direct
O9001,C5300,P1127,2026-05-15,1,142.5,direct
O9002,C5227,P1003,2026-07-20,1,72.95,direct
O9003,C5183,P1101,2026-07-11,1,78.31,direct
O9004,C5106,P1074,2026-07-05,1,223.43,paid_social
O9005,C5083,P1098,2026-01-02,1,235.47,referral
O9006,C5249,P1071,2026-04-06,2,135.56,referral
O9007,C5020,P1002,2026-07-08,1,179.75,paid_search
O9008,C5195,P1141,2026-03-22,3,266.67,organic_search
O9009,C5177,P1033,2026-05-21,1,198.15,direct
O9010,C5006,P1044,2025-12-04,1,139.38,organic_search
O9011,C5069,P1060,2026-05-30,1,342.5,referral
O9012,C5126,P1082,2026-04-07,1,322.71,paid_social
O9013,C5159,P1122,2025-12-19,1,202.99,organic_search
O9014,C5247,P1101,2026-06-08,1,78.31,organic_search
O9015,C5202,P1015,2026-04-21,2,269.88,organic_search
O9016,C5147,P1065,2026-02-05,1,15.22,organic_search
O9017,C5142,P1144,2026-05-19,1,93.89,direct
O9018,C5198,P1118,2026-07-24,1,321.26,organic_search
O9019,C5153,P1123,2026-04-05,2,231.62,paid_search
O9020,C5141,P1143,2026-01-06,1,274.31,organic_search
O9021,C5312,P1101,2026-06-29,1,78.31,paid_search
O9022,C5164,P1065,2025-12-07,1,15.22,organic_search
O9023,C5313,P1012,2026-05-23,3,465.69,organic_search
O9024,C5020,P1110,2026-06-15,1,135.17,paid_search
O9025,C5081,P1033,2026-05-08,1,198.15,referral
O9026,C5068,P1038,2026-05-03,1,163.59,paid_social
O9027,C5130,P1135,2026-07-11,2,588.32,referral
O9028,C5086,P1119,2026-07-16,1,30.85,referral
O9029,C5217,P1125,2026-07-13,1,334.21,paid_social
O9030,C5304,P1054,2026-01-31,1,53.86,referral
O9031,C5160,P1026,2026-01-29,1,121.75,paid_search
O9032,C5177,P1117,2026-07-12,1,107.2,referral
O9033,C5116,P1052,2026-07-16,1,339.93,paid_search
O9034,C5195,P1038,2025-12-18,1,163.59,direct
O9035,C5085,P1064,2026-02-27,1,64.91,direct
O9036,C5288,P1144,2025-12-24,1,93.89,paid_search
O9037,C5080,P1012,2026-06-09,1,155.23,organic_search
O9038,C5151,P1020,2026-05-28,1,58.64,direct
O9039,C5060,P1146,2026-03-17,1,51.96,paid_search
O9040,C5060,P1052,2026-01-22,2,679.86,organic_search
O9041,C5027,P1018,2026-06-06,1,192.27,referral
O9042,C5042,P1056,2026-07-09,2,235.26,direct
O9043,C5168,P1024,2026-06-27,1,27.63,referral
O9044,C5085,P1030,2026-07-01,1,77.57,referral
O9045,C5176,P1080,2026-05-29,1,141.68,paid_social
O9046,C5016,P1022,2026-07-01,1,115.73,paid_search
O9047,C5097,P1031,2026-01-27,1,90.09,direct
O9048,C5197,P1073,2026-07-31,1,173.17,paid_social
O9049,C5097,P1009,2025-08-25,2,357.6,organic_search
O9050,C5064,P1053,2026-06-01,2,613.56,referral
O9051,C5004,P1051,2026-05-21,1,158.81,paid_search
O9052,C5001,P1147,2026-03-19,1,21.13,organic_search
O9053,C5021,P1113,2026-05-04,1,92.13,paid_social
O9054,C5111,P1013,2026-03-25,1,134.96,referral
O9055,C5056,P1109,2026-04-12,1,246.1,paid_search
O9056,C5065,P1052,2025-11-04,1,339.93,paid_social
O9057,C5097,P1078,2026-06-12,1,287.28,paid_search
O9058,C5143,P1021,2026-05-12,1,115.01,organic_search
O9059,C5124,P1029,2026-03-01,1,197.29,paid_search
O9060,C5166,P1003,2026-04-03,1,72.95,direct
O9061,C5085,P1058,2026-06-12,1,260.49,paid_search
O9062,C5075,P1007,2026-07-12,1,136.0,direct
O9063,C5293,P1011,2025-09-30,2,451.68,paid_search
O9064,C5058,P1118,2026-04-12,1,321.26,organic_search
O9065,C5137,P1033,2026-07-29,1,198.15,organic_search
O9066,C5098,P1081,2026-06-22,1,86.22,direct
O9067,C5191,P1097,2026-06-06,2,418.1,organic_search
O9068,C5242,P1126,2026-05-21,1,93.83,direct
O9069,C5318,P1074,2026-07-05,1,223.43,organic_search
O9070,C5048,P1104,2026-05-29,1,320.68,organic_search
O9071,C5031,P1048,2025-09-27,1,29.48,organic_search
O9072,C5276,P1078,2026-05-05,1,287.28,direct
O9073,C5019,P1092,2026-07-24,1,204.84,email
O9074,C5153,P1017,2026-07-15,1,17.75,direct
O9075,C5067,P1095,2026-06-13,2,66.34,direct
O9076,C5213,P1037,2026-05-29,1,184.22,direct
O9077,C5142,P1086,2026-04-14,1,139.53,organic_search
O9078,C5231,P1087,2026-05-23,1,89.51,direct
O9079,C5212,P1049,2026-07-13,1,79.63,email
O9080,C5078,P1007,2026-06-11,1,136.0,paid_search
O9081,C5213,P1133,2026-05-24,2,570.64,paid_search
O9082,C5115,P1068,2026-03-15,3,438.87,paid_search
O9083,C5091,P1120,2026-06-08,1,173.57,direct
O9084,C5269,P1063,2025-12-10,1,240.47,referral
O9085,C5167,P1138,2026-05-12,2,289.46,referral
O9086,C5057,P1120,2026-04-26,1,173.57,referral
O9087,C5283,P1064,2026-03-03,1,64.91,paid_search
O9088,C5025,P1106,2026-04-25,2,442.28,organic_search
O9089,C5065,P1146,2026-02-24,1,51.96,paid_social
O9090,C5247,P1136,2026-06-07,1,33.34,direct
O9091,C5253,P1099,2026-04-22,1,194.7,paid_search
O9092,C5043,P1081,2026-05-21,2,172.44,organic_search
O9093,C5096,P1142,2026-02-22,1,16.93,organic_search
O9094,C5041,P1050,2025-12-31,1,303.1,paid_search
O9095,C5226,P1140,2026-06-16,2,438.18,paid_search
O9096,C5261,P1082,2026-07-22,1,322.71,organic_search
O9097,C5166,P1111,2026-05-07,1,127.7,direct
O9098,C5278,P1055,2026-02-13,1,217.0,organic_search
O9099,C5088,P1144,2026-07-15,1,93.89,organic_search
O9100,C5177,P1059,2026-05-08,1,210.08,organic_search
O9101,C5196,P1119,2026-07-04,1,30.85,referral
O9102,C5306,P1137,2026-04-03,1,218.22,email
O9103,C5266,P1022,2026-05-21,1,115.73,paid_search
O9104,C5267,P1148,2026-07-06,3,464.37,organic_search
O9105,C5073,P1012,2026-05-09,2,310.46,organic_search
O9106,C5007,P1100,2026-01-18,1,176.04,organic_search
O9107,C5296,P1023,2026-07-06,1,206.04,direct
O9108,C5163,P1107,2026-03-16,1,164.01,paid_search
O9109,C5084,P1010,2026-07-27,1,211.21,organic_search
O9110,C5071,P1016,2026-07-28,1,275.33,paid_social
O9111,C5054,P1024,2026-07-11,1,27.63,referral
O9112,C5046,P1093,2026-07-19,2,65.14,paid_search
O9113,C5237,P1020,2026-04-01,1,58.64,organic_search
O9114,C5103,P1083,2026-03-30,1,258.93,organic_search
O9115,C5209,P1139,2026-03-22,1,308.3,paid_search
O9116,C5041,P1036,2026-05-08,1,252.55,paid_search
O9117,C5315,P1041,2026-05-02,1,16.01,direct
O9118,C5267,P1144,2026-07-22,1,93.89,organic_search
O9119,C5262,P1100,2026-06-27,1,176.04,direct
O9120,C5258,P1047,2026-07-28,1,28.16,direct
O9121,C5282,P1102,2026-06-26,1,186.72,paid_search
O9122,C5113,P1027,2026-05-27,1,20.69,organic_search
O9123,C5039,P1040,2026-07-21,1,239.7,paid_search
O9124,C5219,P1098,2026-05-27,1,235.47,referral
O9125,C5128,P1046,2025-11-04,1,184.49,direct
O9126,C5007,P1145,2025-12-23,1,149.29,paid_search
O9127,C5100,P1104,2026-05-17,1,320.68,paid_search
O9128,C5175,P1123,2026-01-07,1,115.81,organic_search
O9129,C5106,P1012,2026-07-04,1,155.23,paid_social
O9130,C5100,P1140,2026-06-20,2,438.18,direct
O9131,C5259,P1099,2026-02-21,1,194.7,paid_search
O9132,C5245,P1030,2026-05-21,1,77.57,organic_search
O9133,C5274,P1129,2025-10-31,1,16.86,paid_search
O9134,C5031,P1015,2025-10-20,2,269.88,paid_search
O9135,C5136,P1136,2025-12-31,1,33.34,paid_search
O9136,C5011,P1072,2026-06-21,1,275.57,direct
O9137,C5301,P1053,2026-07-28,1,306.78,paid_search
O9138,C5015,P1099,2026-04-23,2,389.4,paid_search
O9139,C5128,P1108,2026-04-18,1,127.39,direct
O9140,C5062,P1086,2026-07-18,2,279.06,organic_search
O9141,C5108,P1136,2026-04-22,1,33.34,referral
O9142,C5020,P1007,2026-05-22,1,136.0,email
O9143,C5157,P1006,2026-06-21,1,264.1,referral
O9144,C5268,P1035,2026-06-03,1,172.43,organic_search
O9145,C5161,P1017,2026-07-25,1,17.75,paid_search
O9146,C5259,P1002,2026-03-05,1,179.75,paid_search
O9147,C5101,P1027,2026-06-16,2,41.38,referral
O9148,C5222,P1069,2026-05-17,1,479.32,referral
O9149,C5058,P1148,2025-11-20,1,154.79,paid_search
O9150,C5246,P1027,2026-06-23,1,20.69,paid_search
O9151,C5127,P1053,2026-02-26,1,306.78,paid_search
O9152,C5282,P1064,2026-07-02,1,64.91,organic_search
O9153,C5024,P1099,2026-07-31,1,194.7,referral
O9154,C5130,P1020,2026-07-18,1,58.64,email
O9155,C5195,P1012,2025-09-20,2,310.46,paid_social
O9156,C5280,P1056,2026-03-20,2,235.26,referral
O9157,C5153,P1048,2026-07-26,1,29.48,organic_search
O9158,C5132,P1117,2026-03-01,1,107.2,direct
O9159,C5226,P1053,2026-07-04,1,306.78,organic_search
O9160,C5188,P1137,2025-12-24,3,654.66,paid_social
O9161,C5264,P1052,2026-07-22,2,679.86,paid_search
O9162,C5133,P1043,2026-07-18,1,365.97,organic_search
O9163,C5210,P1046,2026-07-16,1,184.49,organic_search
O9164,C5059,P1052,2026-07-04,1,339.93,paid_social
O9165,C5212,P1073,2026-06-28,1,173.17,organic_search
O9166,C5215,P1045,2026-07-31,1,162.66,paid_search
O9167,C5225,P1012,2026-06-23,1,155.23,email
O9168,C5130,P1101,2026-07-18,1,78.31,paid_search
O9169,C5075,P1023,2026-07-09,1,206.04,organic_search
O9170,C5285,P1001,2026-06-01,1,353.21,direct
O9171,C5276,P1080,2026-07-23,1,141.68,organic_search
O9172,C5155,P1099,2026-07-26,1,194.7,paid_search
O9173,C5247,P1141,2026-06-26,2,177.78,paid_search
O9174,C5217,P1137,2026-07-12,1,218.22,direct
O9175,C5189,P1130,2025-11-19,1,179.7,paid_search
O9176,C5162,P1110,2026-07-03,1,135.17,paid_search
O9177,C5179,P1101,2026-04-19,2,156.62,paid_search
O9178,C5033,P1016,2026-05-16,2,550.66,paid_search
O9179,C5040,P1011,2026-07-22,2,451.68,referral
O9180,C5306,P1115,2026-01-12,1,118.55,paid_social
O9181,C5313,P1023,2026-07-30,1,206.04,paid_social
O9182,C5074,P1028,2026-06-13,1,51.64,organic_search
O9183,C5278,P1121,2026-07-22,1,358.36,email
O9184,C5175,P1089,2026-06-18,1,24.49,paid_search
O9185,C5149,P1064,2026-05-18,1,64.91,referral
O9186,C5272,P1083,2026-02-11,1,258.93,organic_search
O9187,C5107,P1118,2026-04-13,1,321.26,direct
O9188,C5138,P1015,2026-07-03,1,134.94,email
O9189,C5270,P1103,2026-06-14,1,20.47,direct
O9190,C5288,P1091,2026-02-10,1,165.38,organic_search
O9191,C5211,P1026,2026-01-29,1,121.75,paid_search
O9192,C5271,P1133,2026-02-15,1,285.32,paid_social
O9193,C5065,P1134,2026-02-28,1,305.1,email
O9194,C5247,P1032,2026-05-27,2,553.2,direct
O9195,C5155,P1054,2026-07-22,2,107.72,direct
O9196,C5046,P1006,2026-07-12,1,264.1,direct
O9197,C5200,P1056,2025-11-30,1,117.63,direct
O9198,C5147,P1125,2026-01-15,1,334.21,organic_search
O9199,C5123,P1011,2026-04-19,1,225.84,paid_social
O9200,C5000,P1015,2026-04-21,1,134.94,organic_search
O9201,C5246,P1042,2026-06-02,1,153.0,direct
O9202,C5127,P1116,2026-01-23,1,75.12,email
O9203,C5190,P1134,2026-06-20,1,305.1,paid_search
O9204,C5066,P1110,2025-10-15,2,270.34,paid_social
O9205,C5003,P1050,2026-05-10,1,303.1,organic_search
O9206,C5302,P1074,2026-06-19,1,223.43,direct
O9207,C5293,P1007,2026-01-18,1,136.0,direct
O9208,C5142,P1044,2026-07-11,2,278.76,referral
O9209,C5190,P1058,2026-07-22,1,260.49,organic_search
O9210,C5020,P1131,2026-06-20,1,84.98,paid_search
O9211,C5226,P1103,2025-12-14,1,20.47,paid_social
O9212,C5312,P1097,2026-06-21,1,209.05,paid_search
O9213,C5116,P1078,2026-07-22,1,287.28,paid_search
O9214,C5301,P1123,2026-07-31,1,115.81,paid_search
O9215,C5141,P1003,2026-06-27,1,72.95,email
O9216,C5038,P1089,2026-07-12,1,24.49,paid_search
O9217,C5251,P1103,2025-09-15,1,20.47,email
O9218,C5206,P1136,2026-07-25,1,33.34,organic_search
O9219,C5209,P1118,2026-07-12,1,321.26,organic_search
O9220,C5114,P1132,2026-06-13,1,287.25,direct
O9221,C5224,P1055,2026-06-05,1,217.0,organic_search
O9222,C5133,P1095,2026-06-10,2,66.34,paid_search
O9223,C5250,P1074,2026-05-28,1,223.43,organic_search
O9224,C5218,P1142,2025-09-14,3,50.79,organic_search
O9225,C5090,P1031,2026-06-06,2,180.18,referral
O9226,C5045,P1027,2026-05-25,1,20.69,email
O9227,C5037,P1021,2026-06-23,1,115.01,organic_search
O9228,C5141,P1016,2026-03-19,2,550.66,direct
O9229,C5099,P1058,2026-07-03,1,260.49,organic_search
O9230,C5189,P1089,2026-06-01,1,24.49,referral
O9231,C5034,P1105,2026-07-26,1,81.1,organic_search
O9232,C5146,P1025,2026-02-27,1,108.39,organic_search
O9233,C5029,P1024,2026-07-26,2,55.26,paid_search
O9234,C5083,P1137,2026-03-03,3,654.66,paid_search
O9235,C5280,P1044,2026-04-01,1,139.38,organic_search
O9236,C5269,P1082,2026-05-19,1,322.71,organic_search
O9237,C5153,P1010,2026-04-24,1,211.21,paid_search
O9238,C5101,P1103,2026-06-01,3,61.41,direct
O9239,C5214,P1067,2026-07-12,1,126.91,organic_search
O9240,C5149,P1094,2026-06-12,1,117.14,paid_search
O9241,C5082,P1064,2026-07-30,1,64.91,email
O9242,C5109,P1048,2026-03-30,1,29.48,paid_search
O9243,C5274,P1051,2026-01-11,1,158.81,direct
O9244,C5200,P1101,2026-06-16,1,78.31,direct
O9245,C5283,P1056,2026-01-15,1,117.63,organic_search
O9246,C5172,P1046,2026-07-15,1,184.49,organic_search
O9247,C5205,P1025,2026-06-05,1,108.39,paid_search
O9248,C5062,P1113,2025-09-12,1,92.13,paid_social
O9249,C5072,P1004,2026-07-16,2,555.8,referral
O9250,C5250,P1083,2026-06-26,1,258.93,direct
O9251,C5123,P1051,2026-06-11,1,158.81,paid_social
O9252,C5120,P1104,2025-10-20,1,320.68,email
O9253,C5274,P1053,2025-11-30,2,613.56,direct
O9254,C5119,P1014,2026-07-25,1,116.46,organic_search
O9255,C5316,P1060,2026-05-12,2,685.0,organic_search
O9256,C5163,P1121,2025-10-16,2,716.72,paid_search
O9257,C5285,P1020,2026-07-27,1,58.64,paid_social
O9258,C5264,P1045,2026-07-22,1,162.66,direct
O9259,C5319,P1133,2026-03-21,1,285.32,paid_search
O9260,C5160,P1037,2025-09-20,1,184.22,organic_search
O9261,C5307,P1061,2026-07-24,2,242.58,paid_social
O9262,C5088,P1085,2026-05-16,1,180.97,direct
O9263,C5141,P1077,2026-02-15,1,206.26,organic_search
O9264,C5202,P1045,2026-05-15,3,487.98,organic_search
O9265,C5308,P1140,2026-06-05,1,219.09,paid_search
O9266,C5226,P1002,2026-04-29,1,179.75,direct
O9267,C5221,P1005,2026-07-08,1,277.97,direct
O9268,C5040,P1092,2026-07-23,1,204.84,organic_search
O9269,C5195,P1007,2026-03-08,1,136.0,organic_search
O9270,C5067,P1107,2026-05-11,1,164.01,paid_search
O9271,C5263,P1074,2026-03-08,1,223.43,organic_search
O9272,C5001,P1076,2026-04-07,1,187.18,email
O9273,C5124,P1049,2026-07-04,2,159.26,direct
O9274,C5109,P1010,2025-10-15,2,422.42,referral
O9275,C5085,P1094,2026-06-21,1,117.14,organic_search
O9276,C5119,P1069,2026-05-06,1,479.32,direct
O9277,C5126,P1015,2026-07-13,1,134.94,direct
O9278,C5254,P1067,2026-01-06,1,126.91,direct
O9279,C5182,P1098,2026-06-25,2,470.94,paid_search
O9280,C5015,P1047,2025-12-25,1,28.16,paid_search
O9281,C5061,P1063,2026-05-16,1,240.47,direct
O9282,C5157,P1089,2026-04-01,1,24.49,direct
O9283,C5267,P1075,2026-07-30,1,91.82,direct
O9284,C5034,P1138,2025-11-09,1,144.73,referral
O9285,C5266,P1100,2026-07-13,1,176.04,direct
O9286,C5063,P1088,2025-12-09,1,82.13,referral
O9287,C5049,P1017,2026-04-12,2,35.5,email
O9288,C5254,P1018,2026-02-13,1,192.27,direct
O9289,C5148,P1054,2026-05-04,1,53.86,organic_search
O9290,C5303,P1101,2026-06-03,1,78.31,referral
O9291,C5275,P1117,2026-02-17,2,214.4,organic_search
O9292,C5171,P1133,2026-03-26,2,570.64,direct
O9293,C5200,P1003,2026-06-19,1,72.95,organic_search
O9294,C5034,P1107,2025-12-17,1,164.01,paid_search
O9295,C5215,P1114,2026-07-07,1,60.01,organic_search
O9296,C5064,P1028,2026-06-14,1,51.64,referral
O9297,C5007,P1058,2026-04-20,2,520.98,paid_social
O9298,C5300,P1124,2026-06-11,1,144.84,organic_search
O9299,C5075,P1097,2026-04-30,1,209.05,paid_search
O9300,C5173,P1016,2026-01-17,1,275.33,organic_search
O9301,C5046,P1106,2026-07-16,1,221.14,organic_search
O9302,C5014,P1042,2026-07-10,1,153.0,organic_search
O9303,C5146,P1079,2026-01-04,1,282.36,direct
O9304,C5025,P1007,2025-12-20,1,136.0,direct
O9305,C5307,P1140,2026-07-24,1,219.09,organic_search
O9306,C5092,P1105,2025-11-25,1,81.1,direct
O9307,C5231,P1007,2026-07-17,1,136.0,organic_search
O9308,C5020,P1095,2026-05-01,2,66.34,organic_search
O9309,C5306,P1093,2026-02-14,1,32.57,direct
O9310,C5037,P1064,2026-05-09,1,64.91,organic_search
O9311,C5275,P1038,2026-06-09,1,163.59,referral
O9312,C5156,P1080,2026-03-19,1,141.68,organic_search
O9313,C5178,P1083,2026-06-30,1,258.93,referral
O9314,C5131,P1087,2026-04-28,1,89.51,email
O9315,C5310,P1085,2025-09-26,1,180.97,email
O9316,C5027,P1092,2026-07-16,2,409.68,paid_search
O9317,C5259,P1085,2026-06-27,1,180.97,organic_search
O9318,C5075,P1043,2026-02-25,1,365.97,direct
O9319,C5066,P1136,2025-11-04,1,33.34,organic_search
O9320,C5193,P1073,2026-07-05,1,173.17,paid_social
O9321,C5161,P1035,2026-07-19,1,172.43,organic_search
O9322,C5256,P1100,2026-04-12,1,176.04,paid_social
O9323,C5071,P1103,2026-07-21,1,20.47,organic_search
O9324,C5086,P1065,2026-07-11,1,15.22,organic_search
O9325,C5261,P1054,2026-07-12,1,53.86,email
O9326,C5213,P1090,2026-04-20,1,149.98,paid_search
O9327,C5152,P1021,2026-06-09,2,230.02,organic_search
O9328,C5209,P1100,2026-05-17,1,176.04,referral
O9329,C5060,P1120,2026-04-09,1,173.57,direct
O9330,C5267,P1092,2026-07-08,1,204.84,organic_search
O9331,C5261,P1107,2026-07-17,1,164.01,paid_search
O9332,C5217,P1140,2026-07-25,1,219.09,email
O9333,C5282,P1009,2026-07-12,1,178.8,paid_social
O9334,C5135,P1008,2026-03-29,2,168.12,organic_search
O9335,C5092,P1033,2026-05-04,1,198.15,organic_search
O9336,C5108,P1128,2026-06-24,1,121.58,email
O9337,C5240,P1088,2026-07-26,1,82.13,direct
O9338,C5141,P1092,2025-10-25,1,204.84,direct
O9339,C5290,P1070,2026-06-23,1,193.38,organic_search
O9340,C5236,P1066,2026-06-23,1,216.44,organic_search
O9341,C5311,P1147,2026-07-18,1,21.13,direct
O9342,C5176,P1116,2026-06-13,1,75.12,paid_social
O9343,C5140,P1093,2025-12-07,1,32.57,direct
O9344,C5188,P1098,2026-03-11,1,235.47,paid_search
O9345,C5048,P1112,2026-01-16,2,794.24,organic_search
O9346,C5301,P1102,2026-07-30,1,186.72,referral
O9347,C5189,P1090,2026-07-11,1,149.98,organic_search
O9348,C5135,P1089,2026-07-09,1,24.49,organic_search
O9349,C5042,P1016,2026-07-21,1,275.33,organic_search
O9350,C5089,P1017,2026-07-14,2,35.5,referral
O9351,C5294,P1115,2026-05-17,1,118.55,direct
O9352,C5244,P1092,2026-04-18,2,409.68,organic_search
O9353,C5191,P1090,2026-07-19,2,299.96,referral
O9354,C5317,P1081,2026-01-06,1,86.22,paid_search
O9355,C5105,P1067,2026-07-30,1,126.91,paid_search
O9356,C5309,P1113,2026-06-07,1,92.13,organic_search
O9357,C5232,P1000,2025-11-20,1,242.23,organic_search
O9358,C5264,P1057,2026-07-16,1,148.06,organic_search
O9359,C5036,P1108,2026-03-20,1,127.39,paid_search
O9360,C5304,P1147,2025-12-07,1,21.13,email
O9361,C5040,P1115,2026-07-22,1,118.55,organic_search
O9362,C5016,P1086,2026-06-12,1,139.53,paid_social
O9363,C5276,P1009,2026-05-17,1,178.8,organic_search
O9364,C5306,P1058,2026-07-17,2,520.98,referral
O9365,C5058,P1040,2026-04-09,1,239.7,organic_search
O9366,C5182,P1104,2026-06-24,1,320.68,organic_search
O9367,C5040,P1132,2026-04-20,2,574.5,organic_search
O9368,C5038,P1121,2026-06-16,2,716.72,paid_search
O9369,C5191,P1144,2026-06-15,1,93.89,organic_search
O9370,C5266,P1021,2026-02-16,1,115.01,direct
O9371,C5146,P1097,2026-07-14,1,209.05,organic_search
O9372,C5126,P1067,2026-04-20,1,126.91,organic_search
O9373,C5045,P1138,2026-06-01,1,144.73,organic_search
O9374,C5044,P1055,2026-07-10,1,217.0,direct
O9375,C5000,P1148,2026-05-19,2,309.58,organic_search
O9376,C5167,P1098,2026-05-07,1,235.47,direct
O9377,C5107,P1075,2026-07-02,1,91.82,organic_search
O9378,C5018,P1025,2026-07-16,2,216.78,referral
O9379,C5071,P1114,2026-02-23,1,60.01,organic_search
O9380,C5108,P1146,2026-04-17,1,51.96,referral
O9381,C5267,P1108,2026-07-06,1,127.39,direct
O9382,C5239,P1046,2026-04-26,1,184.49,organic_search
O9383,C5300,P1070,2026-06-03,1,193.38,email
O9384,C5089,P1039,2026-04-03,1,258.7,organic_search
O9385,C5102,P1132,2026-01-21,1,287.25,paid_social
O9386,C5249,P1148,2026-05-03,3,464.37,paid_search
O9387,C5007,P1131,2026-05-02,1,84.98,paid_search
O9388,C5152,P1022,2026-03-05,1,115.73,organic_search
O9389,C5173,P1105,2026-06-24,1,81.1,organic_search
O9390,C5157,P1083,2026-07-18,1,258.93,organic_search
O9391,C5214,P1142,2026-07-20,2,33.86,organic_search
O9392,C5176,P1115,2026-02-20,1,118.55,paid_search
O9393,C5174,P1108,2026-03-06,1,127.39,organic_search
O9394,C5145,P1135,2026-02-19,1,294.16,email
O9395,C5160,P1040,2025-12-17,1,239.7,organic_search
O9396,C5126,P1111,2026-06-08,2,255.4,organic_search
O9397,C5081,P1146,2026-07-31,1,51.96,paid_search
O9398,C5146,P1111,2026-03-11,1,127.7,organic_search
O9399,C5238,P1102,2026-02-10,1,186.72,organic_search
O9400,C5083,P1045,2026-05-18,1,162.66,referral
O9401,C5112,P1067,2026-05-06,1,126.91,paid_search
O9402,C5224,P1121,2026-05-30,2,716.72,direct
O9403,C5242,P1014,2026-07-22,1,116.46,email
O9404,C5142,P1128,2026-05-22,1,121.58,organic_search
O9405,C5040,P1110,2026-06-10,1,135.17,paid_search
O9406,C5257,P1023,2026-07-15,1,206.04,organic_search
O9407,C5284,P1026,2026-05-28,1,121.75,organic_search
O9408,C5104,P1039,2026-03-05,2,517.4,organic_search
O9409,C5201,P1023,2026-04-19,2,412.08,paid_search
O9410,C5306,P1023,2026-01-24,2,412.08,direct
O9411,C5265,P1003,2026-06-19,1,72.95,organic_search
O9412,C5209,P1066,2026-02-01,1,216.44,organic_search
O9413,C5050,P1033,2026-02-17,2,396.3,referral
O9414,C5117,P1115,2026-04-21,1,118.55,organic_search
O9415,C5200,P1022,2026-01-26,1,115.73,direct
O9416,C5038,P1108,2026-05-24,1,127.39,referral
O9417,C5027,P1068,2026-05-17,3,438.87,organic_search
O9418,C5258,P1094,2026-07-31,1,117.14,paid_search
O9419,C5083,P1061,2026-02-13,1,121.29,organic_search
O9420,C5154,P1056,2026-05-13,1,117.63,paid_social
O9421,C5116,P1053,2026-07-15,1,306.78,paid_search
O9422,C5001,P1069,2026-06-05,2,958.64,referral
O9423,C5092,P1100,2026-02-19,1,176.04,paid_search
O9424,C5165,P1056,2026-06-03,1,117.63,referral
O9425,C5295,P1137,2026-07-01,1,218.22,direct
O9426,C5257,P1134,2026-07-21,1,305.1,referral
O9427,C5080,P1102,2026-04-10,1,186.72,organic_search
O9428,C5267,P1084,2026-07-09,1,225.74,organic_search
O9429,C5234,P1060,2026-07-09,1,342.5,referral
O9430,C5310,P1002,2026-01-17,2,359.5,organic_search
O9431,C5300,P1127,2026-06-08,1,142.5,organic_search
O9432,C5212,P1085,2026-07-04,1,180.97,organic_search
O9433,C5061,P1046,2026-01-15,2,368.98,organic_search
O9434,C5048,P1075,2026-03-21,1,91.82,organic_search
O9435,C5126,P1037,2026-02-28,2,368.44,direct
O9436,C5222,P1140,2026-07-24,2,438.18,referral
O9437,C5278,P1086,2026-01-19,1,139.53,organic_search
O9438,C5293,P1057,2025-12-20,1,148.06,paid_search
O9439,C5283,P1049,2025-12-25,1,79.63,organic_search
O9440,C5276,P1029,2026-01-05,1,197.29,paid_search
O9441,C5106,P1100,2026-07-25,1,176.04,direct
O9442,C5145,P1024,2026-02-18,1,27.63,paid_search
O9443,C5098,P1111,2026-06-14,1,127.7,organic_search
O9444,C5072,P1125,2026-07-24,1,334.21,organic_search
O9445,C5121,P1122,2026-07-21,1,202.99,organic_search
O9446,C5029,P1046,2026-07-01,1,184.49,organic_search
O9447,C5187,P1117,2026-01-02,1,107.2,organic_search
O9448,C5287,P1038,2026-06-16,1,163.59,direct
O9449,C5194,P1015,2026-01-22,1,134.94,organic_search
O9450,C5155,P1021,2026-04-05,1,115.01,direct
O9451,C5171,P1053,2026-06-24,2,613.56,direct
O9452,C5040,P1148,2026-06-12,1,154.79,paid_search
O9453,C5062,P1015,2026-02-20,1,134.94,paid_search
O9454,C5022,P1058,2026-06-03,1,260.49,organic_search
O9455,C5074,P1030,2026-05-15,1,77.57,paid_social
O9456,C5047,P1031,2026-03-19,1,90.09,direct
O9457,C5159,P1008,2026-05-22,1,84.06,paid_search
O9458,C5312,P1138,2026-06-09,1,144.73,organic_search
O9459,C5117,P1009,2026-07-20,2,357.6,direct
O9460,C5099,P1016,2026-05-19,1,275.33,referral
O9461,C5166,P1067,2026-05-18,1,126.91,email
O9462,C5289,P1047,2026-07-22,1,28.16,organic_search
O9463,C5155,P1110,2025-12-24,1,135.17,organic_search
O9464,C5006,P1122,2026-07-08,1,202.99,direct
O9465,C5195,P1148,2026-07-14,2,309.58,referral
O9466,C5055,P1100,2026-07-07,1,176.04,paid_search
O9467,C5192,P1101,2025-09-28,1,78.31,organic_search
O9468,C5046,P1064,2026-06-17,1,64.91,paid_search
O9469,C5147,P1050,2026-01-21,1,303.1,organic_search
O9470,C5274,P1035,2026-03-23,3,517.29,organic_search
O9471,C5156,P1080,2025-10-21,1,141.68,paid_search
O9472,C5201,P1126,2026-01-04,1,93.83,organic_search
O9473,C5125,P1087,2026-04-15,1,89.51,direct
O9474,C5304,P1103,2026-05-17,1,20.47,direct
O9475,C5293,P1014,2026-03-03,3,349.38,direct
O9476,C5063,P1095,2026-05-06,1,33.17,paid_search
O9477,C5175,P1122,2026-06-03,1,202.99,direct
O9478,C5115,P1000,2026-07-11,1,242.23,direct
O9479,C5203,P1121,2026-07-24,1,358.36,paid_search
O9480,C5030,P1125,2026-03-20,1,334.21,organic_search
O9481,C5112,P1056,2026-05-31,1,117.63,direct
O9482,C5066,P1080,2026-03-26,1,141.68,organic_search
O9483,C5074,P1072,2026-07-05,1,275.57,paid_search
O9484,C5044,P1140,2026-07-22,1,219.09,direct
O9485,C5259,P1069,2026-03-19,1,479.32,referral
O9486,C5153,P1005,2026-07-29,1,277.97,paid_search
O9487,C5154,P1083,2026-07-12,1,258.93,organic_search
O9488,C5233,P1051,2026-07-19,1,158.81,email
O9489,C5050,P1002,2025-11-21,1,179.75,organic_search
O9490,C5305,P1080,2025-11-16,2,283.36,email
O9491,C5261,P1062,2026-07-31,1,119.08,organic_search
O9492,C5314,P1048,2026-01-29,1,29.48,paid_search
O9493,C5124,P1075,2026-05-12,1,91.82,organic_search
O9494,C5244,P1111,2025-12-24,1,127.7,email
O9495,C5029,P1108,2026-07-11,1,127.39,direct
O9496,C5121,P1064,2026-05-30,1,64.91,organic_search
O9497,C5124,P1080,2026-01-12,1,141.68,organic_search
O9498,C5036,P1014,2025-12-02,1,116.46,direct
O9499,C5169,P1099,2026-04-26,1,194.7,email
O9500,C5123,P1031,2026-06-09,1,90.09,direct
O9501,C5034,P1095,2025-11-27,1,33.17,organic_search
O9502,C5086,P1127,2026-07-15,1,142.5,direct
O9503,C5133,P1145,2026-03-05,2,298.58,referral
O9504,C5195,P1112,2026-03-23,1,397.12,referral
O9505,C5273,P1082,2026-07-07,1,322.71,direct
O9506,C5200,P1042,2026-06-17,1,153.0,direct
O9507,C5284,P1115,2026-05-23,2,237.1,paid_search
O9508,C5076,P1077,2025-12-22,2,412.52,direct
O9509,C5058,P1057,2026-01-23,1,148.06,organic_search
O9510,C5125,P1032,2026-05-06,1,276.6,paid_search
O9511,C5108,P1013,2026-05-25,2,269.92,organic_search
O9512,C5223,P1131,2026-05-31,2,169.96,paid_social
O9513,C5277,P1058,2026-07-20,1,260.49,referral
O9514,C5067,P1082,2026-07-25,3,968.13,direct
O9515,C5068,P1133,2026-04-25,1,285.32,email
O9516,C5164,P1120,2025-10-23,1,173.57,organic_search
O9517,C5304,P1082,2026-07-22,2,645.42,direct
O9518,C5161,P1026,2026-07-14,1,121.75,organic_search
O9519,C5308,P1079,2026-02-28,1,282.36,organic_search
O9520,C5041,P1133,2026-07-22,2,570.64,organic_search
O9521,C5108,P1012,2026-05-14,1,155.23,paid_search
O9522,C5050,P1063,2026-01-31,1,240.47,direct
O9523,C5249,P1146,2026-05-12,2,103.92,referral
O9524,C5020,P1079,2026-05-12,1,282.36,organic_search
O9525,C5299,P1122,2026-05-11,2,405.98,paid_social
O9526,C5138,P1042,2026-07-21,1,153.0,paid_search
O9527,C5091,P1088,2026-04-27,1,82.13,paid_social
O9528,C5279,P1147,2026-04-01,1,21.13,organic_search
O9529,C5124,P1094,2026-07-02,1,117.14,paid_social
O9530,C5110,P1001,2025-10-28,1,353.21,organic_search
O9531,C5138,P1119,2026-07-03,1,30.85,organic_search
O9532,C5272,P1021,2025-10-24,1,115.01,referral
O9533,C5098,P1114,2026-06-19,2,120.02,referral
O9534,C5251,P1056,2026-02-09,2,235.26,paid_search
O9535,C5103,P1071,2026-06-04,2,135.56,paid_search
O9536,C5213,P1006,2026-06-14,1,264.1,email
O9537,C5248,P1118,2026-07-13,1,321.26,paid_search
O9538,C5151,P1113,2026-07-28,1,92.13,organic_search
O9539,C5249,P1015,2026-03-03,1,134.94,referral
O9540,C5274,P1082,2026-05-31,3,968.13,paid_search
O9541,C5164,P1071,2025-11-19,1,67.78,organic_search
O9542,C5007,P1123,2026-04-21,2,231.62,paid_search
O9543,C5283,P1112,2026-06-08,1,397.12,paid_search
O9544,C5004,P1011,2026-05-26,1,225.84,paid_search
O9545,C5144,P1125,2026-04-19,2,668.42,direct
O9546,C5100,P1052,2026-07-25,1,339.93,paid_search
O9547,C5163,P1074,2025-12-25,1,223.43,direct
O9548,C5146,P1132,2026-07-21,1,287.25,direct
O9549,C5063,P1026,2026-04-19,1,121.75,referral
O9550,C5090,P1139,2026-06-24,1,308.3,email
O9551,C5116,P1144,2026-07-23,1,93.89,referral
O9552,C5266,P1133,2026-01-21,1,285.32,direct
O9553,C5309,P1096,2026-07-22,1,26.22,paid_search
O9554,C5172,P1004,2025-09-20,1,277.9,organic_search
O9555,C5046,P1056,2026-07-05,1,117.63,paid_search
O9556,C5139,P1077,2026-07-17,1,206.26,organic_search
O9557,C5245,P1068,2026-07-19,1,146.29,organic_search
O9558,C5148,P1117,2026-06-03,1,107.2,direct
O9559,C5245,P1119,2026-05-06,2,61.7,email
O9560,C5004,P1058,2026-04-29,1,260.49,organic_search
O9561,C5183,P1032,2026-07-12,1,276.6,organic_search
O9562,C5019,P1061,2026-07-29,2,242.58,paid_search
O9563,C5045,P1049,2026-07-12,1,79.63,paid_search
O9564,C5011,P1111,2025-10-31,1,127.7,direct
O9565,C5069,P1018,2026-07-25,1,192.27,email
O9566,C5016,P1122,2026-04-23,1,202.99,organic_search
O9567,C5146,P1046,2025-11-27,2,368.98,organic_search
O9568,C5153,P1032,2026-07-04,2,553.2,email
O9569,C5303,P1140,2026-06-06,1,219.09,referral
O9570,C5107,P1083,2026-04-28,1,258.93,email
O9571,C5235,P1134,2026-05-13,1,305.1,direct
O9572,C5307,P1078,2026-07-30,2,574.56,email
O9573,C5069,P1013,2026-06-25,2,269.92,organic_search
O9574,C5182,P1146,2026-06-16,3,155.88,direct
O9575,C5249,P1127,2026-01-07,2,285.0,direct
O9576,C5227,P1053,2026-07-27,1,306.78,paid_search
O9577,C5101,P1147,2026-07-23,1,21.13,referral
O9578,C5074,P1028,2026-07-29,1,51.64,direct
O9579,C5215,P1023,2026-07-23,1,206.04,referral
O9580,C5202,P1081,2026-06-19,1,86.22,organic_search
O9581,C5191,P1062,2026-05-16,1,119.08,organic_search
O9582,C5248,P1104,2026-04-13,1,320.68,organic_search
O9583,C5241,P1056,2026-07-07,1,117.63,email
O9584,C5178,P1135,2026-07-03,2,588.32,paid_search
O9585,C5218,P1061,2026-02-28,3,363.87,organic_search
O9586,C5081,P1016,2026-06-14,1,275.33,direct
O9587,C5091,P1065,2026-04-15,1,15.22,paid_search
O9588,C5174,P1005,2026-03-24,1,277.97,paid_search
O9589,C5238,P1057,2026-02-22,1,148.06,organic_search
O9590,C5259,P1068,2026-04-17,1,146.29,organic_search
O9591,C5162,P1061,2026-07-31,1,121.29,paid_search
O9592,C5047,P1081,2026-07-21,1,86.22,paid_social
O9593,C5115,P1070,2026-03-04,1,193.38,organic_search
O9594,C5224,P1130,2026-06-27,1,179.7,organic_search
O9595,C5146,P1009,2026-05-31,1,178.8,direct
O9596,C5062,P1097,2026-06-07,1,209.05,organic_search
O9597,C5293,P1088,2025-08-20,1,82.13,organic_search
O9598,C5012,P1034,2026-07-29,1,315.56,organic_search
O9599,C5188,P1001,2025-12-12,1,353.21,paid_search
O9600,C5286,P1123,2026-02-25,1,115.81,direct
O9601,C5207,P1023,2026-01-11,1,206.04,organic_search
O9602,C5113,P1073,2026-06-01,2,346.34,paid_search
O9603,C5021,P1021,2026-01-05,2,230.02,paid_search
O9604,C5213,P1038,2026-06-20,1,163.59,paid_search
O9605,C5170,P1019,2026-06-12,1,77.39,paid_search
O9606,C5053,P1040,2026-04-21,1,239.7,organic_search
O9607,C5297,P1147,2026-07-12,1,21.13,referral
O9608,C5319,P1107,2026-02-03,2,328.02,organic_search
O9609,C5125,P1146,2026-06-23,1,51.96,organic_search
O9610,C5276,P1083,2026-05-10,1,258.93,organic_search
O9611,C5203,P1110,2026-05-05,3,405.51,organic_search
O9612,C5193,P1065,2026-04-23,1,15.22,direct
O9613,C5168,P1052,2026-04-12,2,679.86,paid_search
O9614,C5151,P1033,2026-04-22,1,198.15,email
O9615,C5034,P1149,2026-07-12,1,100.06,paid_social
O9616,C5183,P1066,2026-07-16,1,216.44,referral
O9617,C5285,P1133,2026-06-26,1,285.32,organic_search
O9618,C5056,P1026,2026-07-13,2,243.5,organic_search
O9619,C5221,P1009,2026-07-28,1,178.8,paid_search
O9620,C5302,P1072,2026-06-28,1,275.57,direct
O9621,C5162,P1095,2026-05-10,1,33.17,organic_search
O9622,C5018,P1047,2026-06-15,1,28.16,organic_search
O9623,C5263,P1069,2025-12-19,1,479.32,direct
O9624,C5281,P1099,2026-07-26,2,389.4,referral
O9625,C5112,P1058,2025-11-12,1,260.49,paid_search
O9626,C5029,P1001,2026-07-13,1,353.21,organic_search
O9627,C5134,P1064,2026-06-19,1,64.91,organic_search
O9628,C5066,P1082,2026-05-19,1,322.71,email
O9629,C5064,P1009,2026-06-02,1,178.8,paid_search
O9630,C5291,P1052,2025-12-27,1,339.93,organic_search
O9631,C5024,P1078,2026-07-22,2,574.56,organic_search
O9632,C5036,P1058,2026-07-31,1,260.49,organic_search
O9633,C5000,P1149,2026-04-02,1,100.06,organic_search
O9634,C5036,P1047,2026-01-08,2,56.32,referral
O9635,C5140,P1148,2026-06-29,1,154.79,organic_search
O9636,C5231,P1122,2026-02-22,2,405.98,paid_search
O9637,C5135,P1021,2026-06-06,1,115.01,direct
O9638,C5187,P1099,2026-04-13,1,194.7,organic_search
O9639,C5127,P1097,2025-12-23,1,209.05,organic_search
O9640,C5200,P1024,2026-02-12,1,27.63,paid_search
O9641,C5126,P1027,2026-03-26,2,41.38,email
O9642,C5256,P1112,2026-07-09,2,794.24,organic_search
O9643,C5163,P1044,2025-10-07,1,139.38,paid_search
O9644,C5034,P1067,2026-01-06,1,126.91,organic_search
O9645,C5193,P1006,2026-05-15,1,264.1,paid_search
O9646,C5190,P1048,2026-06-30,3,88.44,organic_search
O9647,C5103,P1136,2026-04-21,1,33.34,organic_search
O9648,C5022,P1082,2026-06-14,2,645.42,referral
O9649,C5264,P1128,2026-07-21,2,243.16,paid_social
